{
  "project_info": {
    "project_number": "787956417421",
    "firebase_url": "https://plant-fd0e0-default-rtdb.asia-southeast1.firebasedatabase.app",
    "project_id": "plant-fd0e0",
    "storage_bucket": "plant-fd0e0.appspot.com"
  },
  "client": [
    {
      "client_info": {
        "mobilesdk_app_id": "1:787956417421:android:6ee391c91d6efe3ea8f3c4",
        "android_client_info": {
          "package_name": "com.example.crop_diease"
        }
      },
      "oauth_client": [],
      "api_key": [
        {
          "current_key": "AIzaSyD_H-1_MJO5qOcND9TiAcaPUEzv1qVEyf4"
        }
      ],
      "services": {
        "appinvite_service": {
          "other_platform_oauth_client": []
        }
      }
    }
  ],
  "configuration_version": "1"
}